{
  "TrendAnalyst": 0.6500311317595,
  "MeanReversionAnalyst": 0.32820582784950014,
  "ScalperAnalyst": 0.3565126718595001,
  "StatArbAnalyst": 0.25285681714050007,
  "DiscretionaryAnalyst": 0.5458362317594999,
  "MarketMakerAnalyst": 0.3222147682405001
}