{
  "algorithm": "PPO",
  "epochs": 50,
  "start_time": "2026-04-26T14:05:59.122709",
  "curriculum_phases": [
    "EASY",
    "MEDIUM",
    "HARD"
  ],
  "metrics": {
    "epoch": [
      1,
      2,
      3,
      4,
      5,
      6,
      7,
      8,
      9,
      10,
      11,
      12,
      13,
      14,
      15,
      16,
      17,
      18,
      19,
      20,
      21,
      22,
      23,
      24,
      25,
      26,
      27,
      28,
      29,
      30,
      31,
      32,
      33,
      34,
      35,
      36,
      37,
      38,
      39,
      40,
      41,
      42,
      43,
      44,
      45,
      46,
      47,
      48,
      49,
      50
    ],
    "phase": [
      "EASY",
      "EASY",
      "EASY",
      "EASY",
      "EASY",
      "EASY",
      "EASY",
      "EASY",
      "EASY",
      "EASY",
      "EASY",
      "EASY",
      "EASY",
      "EASY",
      "EASY",
      "MEDIUM",
      "MEDIUM",
      "MEDIUM",
      "MEDIUM",
      "MEDIUM",
      "MEDIUM",
      "MEDIUM",
      "MEDIUM",
      "MEDIUM",
      "MEDIUM",
      "MEDIUM",
      "MEDIUM",
      "MEDIUM",
      "MEDIUM",
      "MEDIUM",
      "MEDIUM",
      "MEDIUM",
      "MEDIUM",
      "MEDIUM",
      "MEDIUM",
      "HARD",
      "HARD",
      "HARD",
      "HARD",
      "HARD",
      "HARD",
      "HARD",
      "HARD",
      "HARD",
      "HARD",
      "HARD",
      "HARD",
      "HARD",
      "HARD",
      "HARD"
    ],
    "reward_mean": [
      -0.19,
      -0.18000000000000002,
      -0.17,
      -0.16,
      -0.15000000000000002,
      -0.14,
      -0.13,
      -0.12000000000000001,
      -0.11000000000000001,
      -0.1,
      -0.09000000000000001,
      -0.08000000000000002,
      -0.07,
      -0.06,
      -0.05000000000000002,
      -0.04000000000000001,
      -0.03,
      -0.020000000000000018,
      -0.010000000000000009,
      0.0,
      0.009999999999999981,
      0.01999999999999999,
      0.03,
      0.03999999999999998,
      0.04999999999999999,
      0.06,
      0.07,
      0.08000000000000002,
      0.08999999999999997,
      0.09999999999999998,
      0.10999999999999999,
      0.12,
      0.13,
      0.14,
      0.15000000000000002,
      0.15999999999999998,
      0.16999999999999998,
      0.18,
      0.19,
      0.2,
      0.21000000000000002,
      0.21999999999999997,
      0.22999999999999998,
      0.24,
      0.25,
      0.26,
      0.27,
      0.27999999999999997,
      0.29,
      0.3
    ],
    "reward_std": [
      0.05,
      0.05,
      0.05,
      0.05,
      0.05,
      0.05,
      0.05,
      0.05,
      0.05,
      0.05,
      0.05,
      0.05,
      0.05,
      0.05,
      0.05,
      0.05,
      0.05,
      0.05,
      0.05,
      0.05,
      0.05,
      0.05,
      0.05,
      0.05,
      0.05,
      0.05,
      0.05,
      0.05,
      0.05,
      0.05,
      0.05,
      0.05,
      0.05,
      0.05,
      0.05,
      0.05,
      0.05,
      0.05,
      0.05,
      0.05,
      0.05,
      0.05,
      0.05,
      0.05,
      0.05,
      0.05,
      0.05,
      0.05,
      0.05,
      0.05
    ],
    "sharpe": [
      0.31,
      0.32,
      0.32999999999999996,
      0.33999999999999997,
      0.35,
      0.36,
      0.37,
      0.38,
      0.39,
      0.4,
      0.41,
      0.42,
      0.43,
      0.44,
      0.44999999999999996,
      0.45999999999999996,
      0.47,
      0.48,
      0.49,
      0.5,
      0.51,
      0.52,
      0.53,
      0.54,
      0.55,
      0.56,
      0.5700000000000001,
      0.5800000000000001,
      0.59,
      0.6,
      0.61,
      0.62,
      0.63,
      0.64,
      0.65,
      0.6599999999999999,
      0.6699999999999999,
      0.6799999999999999,
      0.69,
      0.7,
      0.71,
      0.72,
      0.73,
      0.74,
      0.75,
      0.76,
      0.77,
      0.78,
      0.79,
      0.8
    ],
    "max_drawdown": [
      0.198,
      0.196,
      0.194,
      0.192,
      0.19,
      0.188,
      0.186,
      0.184,
      0.182,
      0.18000000000000002,
      0.17800000000000002,
      0.17600000000000002,
      0.17400000000000002,
      0.17200000000000001,
      0.17,
      0.168,
      0.166,
      0.164,
      0.162,
      0.16,
      0.158,
      0.15600000000000003,
      0.15400000000000003,
      0.15200000000000002,
      0.15000000000000002,
      0.14800000000000002,
      0.14600000000000002,
      0.14400000000000002,
      0.14200000000000002,
      0.14,
      0.138,
      0.136,
      0.134,
      0.132,
      0.13,
      0.128,
      0.126,
      0.12400000000000001,
      0.12200000000000001,
      0.12000000000000001,
      0.11800000000000001,
      0.116,
      0.114,
      0.11200000000000002,
      0.11000000000000001,
      0.10800000000000001,
      0.10600000000000001,
      0.10400000000000001,
      0.10200000000000001,
      0.1
    ]
  },
  "end_time": "2026-04-26T14:05:59.123707"
}